Nombre,Equipo,Precio,Puntos,Partidos,Minutos,Goles,Asistencias,Asistencias sin Gol,Centros,Despejes,Remates,Tiros,Recuperaciones,Perdidas,Penaltis fallados,Goles en contra,Rojas,Paradas,Penaltis cometidos,Amarillas,Seguna Amarilla,Penaltis provocados,Penaltis parados,Goles en PP
Rodrygo,Real Madrid,107.333.686€,218,34,2381,9,8,9,7,4,74,36,70,304,0,27,0,0,0,4,0,2,0,0
Darder,RCD Espanyol,42.671.956€,217,38,3327,6,3,16,59,22,62,15,228,581,0,64,0,0,0,4,0,0,0,0
Ledesma,Cádiz CF,7.554.102€,210,34,3060,0,0,0,0,51,3,0,354,531,0,48,0,134,1,2,0,0,1,0
Gabri Veiga,RC Celta,41.076.770€,210,36,2312,11,4,6,6,5,32,30,155,316,0,30,1,0,0,6,0,0,0,0
Benzema,Real Madrid,91.915.100€,208,24,2044,19,3,13,0,5,19,49,35,236,1,17,0,0,0,1,0,2,0,0
Parejo,Villarreal CF,54.471.651€,205,37,3289,3,4,7,44,29,25,12,286,422,2,39,0,0,1,6,0,0,0,0
Valverde,Real Madrid,68.180.646€,203,38,2509,7,4,8,7,15,29,21,149,252,0,25,0,0,0,2,0,0,0,0
Álex Balde,FC Barcelona,87.356.459€,203,37,2476,1,6,6,22,12,47,4,158,303,0,15,0,0,0,4,0,0,0,0
Raphinha,FC Barcelona,74.616.217€,202,36,2025,7,7,17,47,10,44,28,106,475,0,9,0,0,0,9,0,0,0,0
Badía,Elche CF,2.206.809€,200,36,3240,0,0,0,0,39,0,0,284,283,0,63,0,139,1,2,0,0,3,0
Sancet,Athletic Club,50.680.773€,197,36,2554,10,2,5,2,10,45,23,145,353,0,29,1,0,0,6,0,0,0,0
Muriqi,RCD Mallorca,55.850.178€,196,35,2953,15,3,3,0,71,12,30,103,497,1,35,1,0,0,6,0,1,0,0
De Jong,FC Barcelona,93.504.895€,195,34,2538,2,4,8,11,22,33,11,218,295,0,20,0,0,0,3,0,0,0,0
Robertone,UD Almería,47.345.064€,194,37,2861,2,7,14,48,41,27,6,251,407,0,47,0,0,0,7,0,0,0,0
Chukwueze,Villarreal CF,74.440.880€,193,38,2344,6,5,6,10,14,79,19,122,388,0,33,0,0,0,1,0,1,0,0
Brais Méndez,Real Sociedad,39.255.080€,190,35,2417,8,4,6,43,13,13,22,141,420,0,25,0,0,0,6,0,0,0,0
Sorloth,Real Sociedad,49.061.487€,189,34,2399,12,3,7,2,25,30,32,77,337,0,20,0,0,0,4,0,0,0,0
Borja Iglesias,Real Betis,42.233.390€,189,35,2380,15,3,5,1,17,10,32,48,260,1,24,1,0,0,2,0,0,0,0
Militão,Real Madrid,71.461.809€,188,35,2703,5,0,1,2,99,11,9,196,256,0,29,0,0,1,4,0,1,0,0
Raíllo,RCD Mallorca,25.062.113€,188,31,2767,2,3,4,0,157,2,5,173,202,0,31,1,0,0,11,0,1,0,0
Carrasco,Atlético de Madrid,37.267.109€,187,36,2330,7,3,6,29,16,54,23,145,375,0,25,0,0,0,2,0,0,0,0
Enes Ünal,Getafe CF,32.095.632€,187,35,2983,14,3,6,3,34,19,39,95,462,1,42,0,0,0,6,0,2,0,0
Rajkovic,RCD Mallorca,4.519.026€,186,38,3240,0,0,0,0,33,4,0,316,493,0,40,0,94,1,3,0,0,1,0
Pedri,FC Barcelona,84.825.111€,186,26,1981,6,1,10,10,7,28,9,147,282,0,9,0,0,0,2,0,0,0,0
Koundé,FC Barcelona,74.145.496€,184,31,2428,1,3,5,6,56,15,3,177,299,0,12,0,0,0,2,0,0,0,1
Morata,Atlético de Madrid,42.657.525€,183,37,1906,13,2,3,2,23,20,34,56,247,0,10,0,0,0,4,0,0,0,0
Mikel Merino,Real Sociedad,71.084.897€,182,33,2498,2,9,12,6,51,19,18,238,461,1,31,1,0,0,6,0,0,0,0
Mamardashvili,Valencia CF,5.298.149€,182,38,3420,0,0,0,0,24,0,0,302,393,0,45,0,105,1,3,0,0,0,0
Aspas,RC Celta,49.422.121€,182,37,2865,12,3,9,9,20,21,38,111,416,1,46,0,0,0,4,0,0,0,0
Nico Williams,Athletic Club,62.047.427€,182,36,2674,6,3,6,28,7,80,21,154,553,0,30,0,0,0,3,0,1,0,0
Álvaro García,Rayo Vallecano,21.137.647€,181,35,2885,5,5,6,31,16,22,22,219,471,0,41,0,0,0,7,0,2,0,0
Iñaki Williams,Athletic Club,39.525.945€,181,36,2850,10,3,9,12,33,44,35,83,466,1,35,0,0,0,2,0,0,0,0
Zubimendi,Real Sociedad,46.641.593€,180,36,3101,1,3,5,2,48,9,3,257,315,0,34,0,0,1,12,0,0,0,0
Fernando,UD Almería,2.126.174€,179,38,3285,0,0,0,0,25,1,0,314,395,0,61,0,133,0,3,0,0,1,0
Aidoo,RC Celta,39.390.051€,178,35,3121,3,0,0,1,140,8,3,243,262,0,48,0,0,1,4,1,0,0,0
Samuel Lino,Valencia CF,23.894.235€,177,38,2897,6,1,2,9,9,50,34,188,478,0,38,0,0,0,3,0,2,0,0
Joselu,RCD Espanyol,45.471.366€,176,35,2989,16,2,2,7,40,17,41,78,453,0,61,0,0,0,2,0,2,0,0
Asensio,Real Madrid,19.202.850€,176,37,1428,9,6,9,22,3,23,27,50,193,1,16,0,0,1,1,0,1,0,0
Yéremy Pino,Villarreal CF,25.927.597€,175,37,2465,4,5,10,5,25,44,22,122,327,0,31,0,0,0,8,0,1,0,0
Almeida,Valencia CF,20.414.249€,174,35,2549,2,4,4,46,15,44,8,180,417,0,32,0,0,0,3,0,0,0,0
Giménez,Atlético de Madrid,37.677.296€,173,31,2421,2,1,1,0,133,6,9,165,166,0,21,0,0,1,9,0,0,0,0
Kroos,Real Madrid,35.648.433€,173,33,2163,2,4,7,50,7,9,11,176,259,0,23,0,0,1,0,1,0,0,0
Dani Rodríguez,RCD Mallorca,13.464.899€,173,35,2114,3,6,5,8,9,28,10,153,255,0,26,0,0,0,8,0,0,0,0
Aleix García,Girona FC,40.933.433€,173,30,2340,1,5,11,87,29,12,15,164,325,0,37,0,0,0,1,0,0,0,0
Masip,Real Valladolid,2.505.760€,172,34,2508,0,0,0,0,14,0,0,219,283,0,42,0,106,0,4,0,0,3,0
Gavi,FC Barcelona,66.863.818€,171,36,2543,2,4,5,6,21,23,8,132,302,0,11,0,0,0,10,0,0,0,0
Guido Rodríguez,Real Betis,18.490.989€,170,35,2876,1,0,0,1,67,21,7,253,270,0,32,0,0,0,8,0,0,0,1
Dimitrievski,Rayo Vallecano,3.596.633€,168,38,3325,0,0,0,0,31,0,0,321,432,0,49,0,95,0,4,0,0,0,0
Unai Simón,Athletic Club,7.709.219€,166,35,2745,0,0,0,0,13,0,0,240,265,0,37,0,70,0,2,0,0,0,0
Moi Gómez,C.A. Osasuna,16.029.732€,164,34,2459,3,2,5,44,5,22,12,188,303,0,27,0,0,0,5,0,0,0,0
Oblak,Atlético de Madrid,12.564.076€,164,28,2494,0,0,0,0,13,1,0,192,279,0,20,0,61,0,1,0,0,0,0
Taty Castellanos,Girona FC,14.332.147€,163,35,2618,13,0,2,1,26,12,35,62,247,0,41,0,0,0,11,0,0,0,0
Busquets,FC Barcelona,33.575.909€,163,34,2347,0,4,4,4,30,11,2,215,261,0,11,0,0,0,6,1,0,0,0
Le Normand,Real Sociedad,46.805.022€,163,34,2795,0,0,0,0,89,2,2,178,233,0,25,0,0,0,6,0,0,0,1
Pau Torres,Villarreal CF,40.488.706€,162,35,3055,1,0,2,1,137,26,5,209,363,0,35,0,0,0,10,0,2,0,1
Silva,Real Sociedad,38.850.696€,161,29,1958,2,5,9,3,16,19,14,156,264,0,21,0,0,0,4,0,0,0,0
Comesaña,Rayo Vallecano,8.011.475€,161,35,2469,3,2,0,2,15,31,7,208,305,0,33,0,0,0,6,0,0,0,0
Gumbau,Elche CF,1.407.905€,160,35,2744,1,6,9,83,37,7,18,192,383,0,54,0,0,0,11,0,0,0,0
Vesga,Athletic Club,17.891.917€,158,36,2574,3,3,1,4,37,8,8,235,310,1,30,0,0,0,5,0,1,0,1
Riquelme,Girona FC,11.546.790€,158,35,2187,4,4,7,18,4,57,23,124,391,0,41,0,0,1,1,0,0,0,0
William Carvalho,Real Betis,14.095.188€,157,33,2451,3,0,1,2,20,27,9,177,304,0,24,1,0,0,6,0,0,0,0
De Marcos,Athletic Club,22.145.207€,157,37,2824,1,6,4,38,55,10,2,226,496,0,34,0,0,0,7,0,0,0,1
Unai Nuñez,RC Celta,25.139.735€,156,37,3151,0,0,0,1,129,10,5,273,300,0,48,0,0,0,8,0,0,0,1
David García,C.A. Osasuna,26.964.761€,156,33,2683,2,0,0,0,146,3,4,209,284,0,35,1,0,1,8,0,0,0,0
Carles Pérez,RC Celta,5.226.326€,155,35,2125,3,5,3,4,8,45,21,116,264,0,24,0,0,0,4,0,1,0,0
Rüdiger,Real Madrid,38.593.339€,153,35,2410,1,0,0,0,67,3,4,176,143,0,25,0,0,0,1,0,0,0,0
Gudelj,Sevilla FC,4.229.619€,153,36,2777,3,1,1,2,104,3,11,150,173,0,46,0,0,0,8,0,0,0,0
Camello,Rayo Vallecano,6.247.868€,153,38,2412,6,5,2,2,26,18,19,67,248,0,38,0,0,0,1,0,0,0,0
De Paul,Atlético de Madrid,18.204.313€,153,33,1935,2,7,12,14,4,17,5,131,322,0,20,0,0,0,5,0,0,0,0
Canales,Real Betis,51.787.378€,152,31,2412,4,3,7,34,4,28,12,137,476,0,28,1,0,0,2,1,0,0,0
Catena,Rayo Vallecano,14.420.324€,152,35,3105,1,1,2,0,158,2,5,205,337,0,48,0,0,0,12,1,0,0,0
Puado,RCD Espanyol,1.481.666€,152,37,2349,7,2,3,6,9,21,28,143,265,0,44,0,0,0,4,0,1,0,0
Koke,Atlético de Madrid,8.852.531€,151,34,2560,0,3,1,4,18,13,2,191,301,0,24,0,0,0,4,0,0,0,0
Gazzaniga,Girona FC,1.383.824€,150,34,2520,0,0,0,0,12,0,0,266,293,0,37,0,93,0,4,0,0,1,0
Berenguer,Athletic Club,4.610.918€,150,38,2301,4,1,6,51,4,36,23,124,480,0,33,0,0,0,2,0,0,0,0
Fran Beltrán,RC Celta,8.706.661€,150,36,2862,0,2,2,16,34,16,2,249,263,0,44,0,0,1,4,0,0,0,0
Camavinga,Real Madrid,45.481.992€,150,37,2002,0,1,2,1,19,35,3,156,233,0,16,0,0,0,6,0,0,0,0
Borja Mayoral,Getafe CF,5.265.290€,149,38,2774,8,2,5,6,7,23,23,108,351,2,40,0,0,0,4,0,1,0,0
Dembélé,FC Barcelona,74.237.258€,149,25,1414,5,7,8,24,1,43,18,60,315,0,11,0,0,0,4,0,0,0,0
Tchouaméni,Real Madrid,37.035.559€,149,34,2120,0,4,4,1,48,27,6,171,170,0,27,0,0,0,2,0,0,0,0
Zubeldia,Real Sociedad,31.765.691€,148,35,2546,1,1,1,2,88,7,1,185,236,0,26,0,0,0,11,0,0,0,1
Pezzella,Real Betis,24.187.208€,147,33,2516,0,0,0,0,129,4,0,153,197,0,28,3,0,0,4,0,0,0,0
Boyé,Elche CF,1.166.355€,147,35,2471,7,2,7,8,46,77,21,119,416,1,47,1,0,0,7,0,0,0,0
Álex Baena,Villarreal CF,21.651.814€,146,35,1941,6,2,10,7,13,26,24,107,276,0,23,0,0,1,11,1,1,0,0
Fran García,Rayo Vallecano,20.936.301€,145,38,3408,2,3,0,35,53,27,11,272,538,0,53,0,0,2,1,0,0,0,0
Gonzalo Plata,Real Valladolid,1.758.639€,145,34,2308,1,5,2,10,7,60,14,135,407,0,37,0,0,0,1,0,3,0,0
Oriol Romeu,Girona FC,2.607.278€,145,32,2862,2,0,0,2,44,16,6,222,273,0,46,0,0,1,7,1,0,0,0
Jackson,Villarreal CF,24.308.749€,145,28,1510,11,4,7,2,2,25,23,47,174,0,18,0,0,0,4,1,0,0,0
Rui Silva,Real Betis,2.683.554€,144,37,2340,0,0,0,0,16,1,0,216,295,0,32,0,73,0,2,0,0,0,0
Trejo,Rayo Vallecano,4.176.919€,143,34,2164,3,4,5,5,7,51,9,149,399,1,32,0,0,0,9,0,0,0,0
Ansu Fati,FC Barcelona,12.446.254€,142,37,1380,7,3,2,4,5,21,20,71,193,0,5,0,0,0,3,0,0,0,0
Torró,C.A. Osasuna,4.277.285€,142,34,2488,1,0,0,0,64,10,5,224,278,0,25,0,0,0,10,0,0,0,0
Hermoso,Atlético de Madrid,16.425.872€,142,36,2111,3,2,3,2,77,13,5,155,237,0,19,0,0,1,3,2,0,0,0
Miguel Gutiérrez,Girona FC,2.677.881€,141,37,2396,2,3,7,23,36,34,4,176,352,0,36,0,0,0,6,0,0,0,0
Alcaraz,Cádiz CF,1.281.175€,140,31,2048,3,0,3,23,37,10,8,178,291,1,26,0,0,1,9,0,0,0,0
Maffeo,RCD Mallorca,5.795.534€,139,35,2978,2,4,4,23,60,35,5,188,539,0,40,1,0,0,6,0,0,0,0
Ceballos,Real Madrid,22.384.128€,139,33,1567,0,4,1,6,5,38,5,159,210,0,14,0,0,0,8,0,0,0,0
Espino,Cádiz CF,1.765.759€,138,37,3123,0,4,5,26,86,23,3,296,650,0,43,0,0,3,7,0,0,0,0
Rodri,Real Betis,5.047.803€,138,37,1606,2,3,5,8,1,27,6,113,217,0,15,0,0,0,0,0,1,0,0
Javi Galán,RC Celta,7.199.985€,137,37,3162,0,3,3,43,57,68,1,247,634,0,49,0,0,1,6,0,0,0,0
Diakhaby,Valencia CF,5.670.696€,136,33,2448,3,0,0,1,103,6,8,168,237,0,29,0,0,0,5,1,0,0,0
Sobrino,Cádiz CF,1.158.890€,136,34,2470,3,2,3,3,15,26,13,187,312,0,27,0,0,0,11,0,0,0,0
Modric,Real Madrid,24.461.174€,135,34,1746,4,3,9,16,6,19,6,99,257,0,20,0,0,0,7,0,0,0,0
Yeray,Athletic Club,16.024.893€,135,30,2337,1,1,3,4,102,5,1,241,277,0,30,1,0,2,7,0,0,0,0
Valjent,RCD Mallorca,4.963.190€,135,33,2659,0,0,1,2,128,0,2,146,244,0,33,0,0,1,8,0,0,0,0
Chimy Ávila,C.A. Osasuna,9.197.450€,135,33,1724,8,2,4,18,14,16,25,64,311,1,17,1,0,0,6,0,0,0,0
Correa,Atlético de Madrid,3.795.517€,135,36,1449,9,1,6,5,5,21,19,72,239,0,15,1,0,0,2,0,0,0,0
Nahuel Molina,Atlético de Madrid,21.666.670€,134,34,2871,4,2,4,28,43,21,7,174,542,0,28,1,0,0,7,0,0,0,0
Witsel,Atlético de Madrid,6.883.708€,134,37,2254,0,0,1,0,74,3,0,142,110,0,27,1,0,0,2,0,0,0,0
Bongonda,Cádiz CF,1.356.352€,133,35,1951,4,3,3,11,8,39,15,102,298,0,25,0,0,0,2,0,0,0,0
Embarba,UD Almería,1.125.790€,133,35,1508,4,3,4,37,6,46,22,110,351,0,28,0,0,0,3,1,0,0,0
Moncayola,C.A. Osasuna,1.314.937€,133,37,2445,1,3,1,16,28,4,9,203,369,0,36,0,0,0,6,0,1,0,0
Budimir,C.A. Osasuna,1.314.402€,133,37,1808,8,0,1,0,19,15,21,41,221,0,19,0,0,0,5,0,1,0,0
Vivian,Athletic Club,8.238.207€,132,33,2373,1,0,2,0,82,3,2,238,321,0,24,1,0,0,7,0,0,0,0
De Galarreta,RCD Mallorca,1.218.920€,132,30,2454,0,1,2,17,18,17,2,221,269,0,25,0,0,1,12,0,0,0,0
Lejeune,Rayo Vallecano,12.364.849€,132,35,2569,4,0,0,1,121,5,15,138,313,0,37,2,0,1,4,1,0,0,1
Muniain,Athletic Club,7.544.127€,132,32,1692,0,3,5,45,2,35,7,88,296,0,18,0,0,0,2,0,0,0,0
Aimar Oroz,C.A. Osasuna,1.476.560€,131,32,1934,2,6,3,0,4,26,8,127,286,0,23,0,0,0,6,0,0,0,0
Braithwaite,RCD Espanyol,3.623.312€,131,31,2469,10,2,3,2,11,14,26,63,254,0,46,1,0,0,5,0,0,0,0
Babic,UD Almería,1.600.872€,130,37,2999,3,0,0,1,119,4,5,165,221,0,56,0,0,0,5,0,0,0,0
Araújo,FC Barcelona,62.972.963€,130,24,1804,0,2,1,1,38,9,1,105,168,0,5,1,0,0,6,0,0,0,1
Luis Hernández,Cádiz CF,1.179.820€,129,36,3149,0,0,0,4,142,2,1,181,416,0,46,0,0,0,6,1,0,0,0
Óscar Valentín,Rayo Vallecano,1.231.595€,129,34,2564,0,0,0,1,25,6,1,249,266,0,33,0,0,0,11,0,0,0,0
Melero,UD Almería,1.407.516€,129,29,1876,4,3,2,0,19,19,11,104,176,0,28,0,0,0,5,0,0,0,0
Luiz Henrique,Real Betis,10.482.407€,128,34,1784,1,3,4,9,13,53,17,138,315,0,25,0,0,0,6,0,0,0,0
Capoue,Villarreal CF,4.776.049€,128,29,1958,3,0,3,1,19,29,14,133,192,0,26,0,0,0,4,0,0,0,0
Rodrigo Ely,UD Almería,1.974.900€,128,36,3158,0,1,1,1,202,5,2,172,298,0,61,0,0,0,8,1,0,0,1
EnNesyri,Sevilla FC,9.148.129€,127,37,1657,8,1,3,1,16,3,23,32,160,0,22,0,0,0,4,0,0,0,0
Iza,Cádiz CF,1.260.768€,126,29,2202,0,1,2,24,68,13,2,155,254,0,23,3,0,1,4,0,0,0,0
Aitor Fdez.,C.A. Osasuna,1.249.273€,126,38,1890,0,0,0,0,29,0,0,197,278,0,19,0,59,0,1,0,0,0,0
Copete,RCD Mallorca,3.262.638€,125,34,2215,1,0,0,1,100,19,1,156,232,0,26,1,0,1,7,0,0,0,0
Djené,Getafe CF,2.380.057€,125,33,2844,0,1,0,10,74,13,1,243,311,0,39,1,0,2,10,0,0,0,0
Jordi Alba,FC Barcelona,5.001.116€,125,36,1419,2,3,12,27,14,6,4,130,261,0,8,0,0,0,4,1,0,0,0
Kike Pérez,Real Valladolid,1.153.216€,125,37,2316,1,2,3,14,25,30,12,206,408,0,44,0,0,0,9,0,0,0,0
Gayá,Valencia CF,8.330.536€,124,32,2714,1,3,10,47,38,20,9,190,491,1,37,0,0,0,4,0,1,0,0
Edgar,Real Betis,2.893.640€,122,35,1770,0,0,2,0,120,2,3,105,107,0,20,0,0,0,4,2,0,0,0
Domingos Duarte,Getafe CF,2.893.889€,121,36,2657,0,2,1,0,139,4,4,164,225,0,40,0,0,2,9,1,0,0,1
Albiol,Villarreal CF,8.403.355€,121,27,2119,0,0,0,0,107,5,1,119,187,0,23,0,0,0,6,0,0,0,0
Monchu,Real Valladolid,1.086.207€,121,36,2028,3,2,5,27,19,9,11,137,274,0,41,0,0,1,9,0,0,0,0
Santi Bueno,Girona FC,1.277.842€,121,34,3012,0,1,1,1,100,2,3,181,255,0,48,0,0,1,5,1,2,0,0
Iván Martín,Girona FC,1.211.295€,121,31,1590,3,3,6,8,11,27,8,95,193,0,25,0,0,0,2,0,1,0,0
Tete Morente,Elche CF,1.304.859€,120,36,2074,4,0,1,14,25,31,16,125,317,0,33,0,0,1,5,0,1,0,0
Gerard,Villarreal CF,33.986.048€,120,22,1231,7,3,5,1,11,26,23,45,205,1,9,0,0,0,3,0,0,0,0
Pepe Reina,Villarreal CF,2.203.616€,119,34,1980,0,0,0,0,10,1,0,181,168,0,27,0,61,0,2,0,0,0,0
Arnau Mtnez.,Girona FC,1.434.057€,119,36,2736,3,4,6,19,44,22,4,198,371,0,49,0,0,1,11,0,0,0,0
Óliver Torres,Sevilla FC,1.428.155€,118,38,2148,3,1,3,16,6,16,9,157,337,0,31,0,0,0,2,0,0,0,0
Lamela,Sevilla FC,1.240.638€,118,35,1845,6,0,2,6,2,32,24,112,325,0,29,0,0,0,8,1,0,0,0
Christensen,FC Barcelona,42.795.683€,117,26,1704,1,1,1,0,46,0,5,126,98,0,13,0,0,0,2,0,0,0,1
Tsygankov,Girona FC,13.046.590€,116,20,1492,3,6,3,24,9,16,9,75,239,0,19,0,0,0,0,0,1,0,0
Ferran Torres,FC Barcelona,2.930.841€,116,36,1382,4,2,8,19,4,29,13,54,242,1,11,1,0,0,5,0,0,0,0
Abde,C.A. Osasuna,3.646.515€,116,28,1513,4,2,1,17,7,51,16,74,336,0,15,1,0,0,2,1,0,0,0
Milla,Getafe CF,1.397.999€,115,30,1861,0,3,0,32,24,12,1,179,254,0,21,0,0,1,4,1,0,0,0
Vini Souza,RCD Espanyol,1.517.010€,115,36,2433,1,1,0,1,47,11,4,200,234,0,47,0,0,2,8,1,0,0,0
Kike Barja,C.A. Osasuna,1.084.928€,114,38,1315,1,6,7,29,2,38,6,69,296,0,18,0,0,0,1,0,0,0,0
Alaba,Real Madrid,34.359.261€,113,26,1840,1,3,1,9,36,3,3,106,160,0,18,0,0,1,3,0,0,0,0
Aleñá,Getafe CF,1.209.310€,113,35,2125,2,2,2,9,15,21,10,124,288,0,27,0,0,1,10,1,0,0,0
Rakitic,Sevilla FC,1.819.464€,113,36,1788,1,3,2,29,19,4,10,135,288,1,25,1,0,0,3,0,0,0,0
Stuani,Girona FC,1.103.899€,112,33,1071,9,0,2,1,5,0,21,28,75,1,16,0,0,0,8,0,0,0,0
Guruzeta,Athletic Club,1.098.072€,112,38,1421,6,1,1,1,8,9,19,53,182,0,16,0,0,0,2,0,0,0,0
Javi Sánchez,Real Valladolid,1.323.665€,112,34,2395,1,0,0,0,112,6,2,162,226,0,43,0,0,2,11,0,0,0,0
Reinildo,Atlético de Madrid,3.324.933€,112,23,1861,0,0,0,4,53,6,1,157,193,0,17,0,0,0,4,0,0,0,0
Óscar Plano,Real Valladolid,1.099.187€,111,38,2047,1,1,4,7,18,9,12,133,248,0,33,0,0,0,3,0,1,0,0
Kluivert,Valencia CF,1.745.587€,111,27,1450,6,0,4,18,3,26,18,75,220,0,21,0,0,0,4,0,1,0,0
Bono,Sevilla FC,2.636.501€,111,38,2152,0,0,0,0,19,0,0,184,237,0,41,0,67,0,2,0,0,1,0
Mascarell,Elche CF,1.069.968€,110,28,2450,0,1,2,14,50,19,3,202,216,0,52,0,0,0,6,0,0,0,0
Marcos Llorente,Atlético de Madrid,9.278.553€,109,24,1710,1,2,7,4,17,12,10,125,208,0,11,0,0,1,5,0,0,0,0
Aguado,Real Valladolid,1.111.891€,109,38,1882,1,2,4,13,14,12,6,144,253,0,36,0,0,1,3,0,0,0,0
Nacho,Real Madrid,4.273.541€,108,36,1632,1,1,1,1,33,10,4,108,124,0,14,0,0,0,7,0,0,0,1
Cervi,RC Celta,1.111.271€,108,37,1890,0,4,2,27,14,20,6,184,326,0,37,1,0,0,2,0,0,0,0
Maksimovic,Getafe CF,1.274.389€,107,36,2066,0,0,0,3,25,3,7,134,152,0,26,0,0,0,3,0,0,0,0
Roque Mesa,Real Valladolid,1.411.864€,107,36,1626,2,1,1,4,18,15,11,156,233,0,23,0,0,1,9,1,0,0,0
Rubén García,C.A. Osasuna,1.138.515€,106,33,1151,2,2,3,30,9,5,5,79,204,0,13,0,0,0,2,0,0,0,0
Aridane,C.A. Osasuna,1.389.558€,105,35,1790,0,1,1,0,94,6,1,134,146,0,25,0,0,0,1,0,0,0,1
Jaume Costa,RCD Mallorca,1.131.176€,105,33,2608,0,1,2,23,37,10,6,147,358,0,32,0,0,0,10,0,0,0,0
Yuri,Athletic Club,2.691.507€,105,30,2405,1,1,2,15,49,11,8,209,324,0,32,0,0,1,7,0,1,0,0
Sergi Roberto,FC Barcelona,2.383.385€,104,29,1305,4,1,1,7,13,5,6,72,105,0,10,0,0,0,3,0,0,0,0
Morales,Villarreal CF,1.894.992€,104,30,1204,7,0,2,3,2,17,22,31,139,0,11,0,0,0,2,0,0,0,0
Álex Fernández,Cádiz CF,1.107.907€,104,31,1572,3,0,1,14,20,5,9,85,163,0,26,0,0,0,0,0,0,0,0
Brian Oliván,RCD Espanyol,1.111.781€,104,31,2412,1,7,6,36,59,4,4,170,451,0,44,0,0,0,7,0,0,0,0
Leo Baptistao,UD Almería,1.071.908€,103,27,1717,5,1,1,5,10,11,15,118,265,0,30,0,0,0,5,0,0,0,0
Manu Sánchez,C.A. Osasuna,1.140.049€,103,38,2117,0,2,0,24,38,16,3,144,298,0,26,0,0,0,3,0,1,0,0
Sergio León,Real Valladolid,1.090.394€,103,36,1330,6,1,3,1,4,10,18,46,145,1,28,1,0,0,0,0,0,0,0
Ramazani,UD Almería,1.092.739€,103,37,1394,3,1,2,4,6,32,19,68,201,1,31,0,0,1,6,0,1,0,0
Larsen,RC Celta,1.077.465€,103,33,1664,4,3,2,1,22,13,16,43,215,0,32,0,0,0,3,0,1,0,0
Barrenetxea,Real Sociedad,1.176.747€,103,28,872,3,1,1,3,7,35,13,80,171,0,5,0,0,0,4,0,0,0,0
Ayoze Pérez,Real Betis,8.832.574€,103,18,1377,3,1,3,0,3,41,14,79,176,0,17,0,0,0,3,0,2,0,0
Raúl García,Athletic Club,1.106.915€,103,38,945,2,3,2,2,7,6,15,38,144,0,13,0,0,0,4,0,0,0,0
Foyth,Villarreal CF,9.119.281€,102,27,1961,1,0,3,4,56,26,4,144,217,0,24,0,0,1,6,0,0,0,0
Samú Costa,UD Almería,1.124.467€,102,38,1984,1,2,1,0,62,9,7,179,287,0,47,0,0,0,5,0,0,0,0
Iván Sánchez,Real Valladolid,1.073.228€,101,37,1122,1,1,4,12,4,31,7,70,153,0,19,0,0,0,0,0,0,0,0
Yunus,Valencia CF,1.235.232€,101,34,2123,0,2,3,6,16,27,4,109,280,0,26,1,0,0,10,0,0,0,0
Savic,Atlético de Madrid,6.310.886€,101,23,1945,0,0,0,0,59,2,1,135,148,0,17,2,0,0,5,0,0,0,0
Guillamón,Valencia CF,2.596.997€,101,36,1633,1,4,3,23,28,1,2,115,201,0,23,0,0,2,5,0,0,0,1
David López,Girona FC,1.133.414€,101,27,1656,3,1,1,0,63,7,8,122,130,0,24,0,0,0,5,0,0,0,0
Suso,Sevilla FC,1.173.927€,100,34,1060,2,4,3,16,2,25,11,57,176,0,15,0,0,0,1,0,0,0,0
Marchesín,RC Celta,1.212.997€,100,19,1710,0,0,0,0,12,0,0,140,187,0,29,0,44,0,3,0,0,2,0
Sabaly,Real Betis,1.563.377€,99,27,1680,1,1,0,1,48,18,3,125,235,0,18,0,0,0,2,0,0,0,0
Pedraza,Villarreal CF,1.683.543€,99,28,1636,0,3,4,12,22,21,10,105,275,0,15,0,0,0,5,0,0,0,0
Luiz Felipe,Real Betis,2.505.217€,98,25,1751,0,0,2,1,100,4,1,106,142,0,23,3,0,0,3,0,0,0,0
Lemar,Atlético de Madrid,1.490.822€,98,29,1257,1,3,3,10,10,19,6,83,179,0,10,0,0,0,1,0,0,0,0
Pere Milla,Elche CF,1.069.117€,98,32,1873,6,1,2,3,20,14,13,102,265,0,44,0,0,0,7,0,1,0,0
Lo Celso,Villarreal CF,3.693.187€,98,23,1128,2,3,6,8,2,22,7,69,186,0,12,0,0,0,3,0,0,0,0
El Bilal Touré,UD Almería,1.130.058€,97,24,1273,7,2,0,2,21,6,15,50,141,0,23,0,0,0,0,0,0,0,0
Unai López,Rayo Vallecano,1.096.253€,97,38,1242,1,2,0,13,6,12,10,114,243,0,20,0,0,0,2,0,0,0,0
Joaquín F.,Real Valladolid,1.149.729€,97,33,2157,1,0,0,0,99,1,2,121,188,0,42,0,0,1,4,0,0,0,1
Óscar,RC Celta,1.123.490€,97,36,1769,2,0,2,18,13,11,18,140,277,0,31,0,0,1,6,0,0,0,0
Damián,Getafe CF,1.144.001€,97,33,1958,1,1,3,20,30,13,1,146,366,0,20,0,0,0,7,0,0,0,0
Sergi Guardiola,Cádiz CF,1.105.463€,97,34,1677,3,0,0,2,13,11,18,59,221,0,16,0,0,0,3,0,0,0,0
Mitrovic,Getafe CF,1.270.023€,97,38,1677,0,0,0,0,89,0,0,80,113,0,17,0,0,0,4,0,0,0,0
Alderete,Getafe CF,1.242.440€,97,31,2049,1,1,2,0,83,14,8,166,395,0,24,0,0,0,9,0,0,0,0
Miranda,Real Betis,1.626.923€,96,37,1475,3,2,5,14,52,9,8,99,277,0,18,1,0,1,1,0,0,0,0
Pozo,UD Almería,1.145.685€,96,33,1875,0,3,7,19,34,12,2,161,346,0,26,0,0,1,2,0,0,0,0
Gorosabel,Real Sociedad,1.346.789€,95,32,1710,0,0,2,13,21,9,1,99,192,0,19,0,0,0,3,0,0,0,0
Badé,Sevilla FC,6.541.054€,95,18,1360,1,0,0,0,65,6,2,111,115,0,14,0,0,0,4,0,0,0,0
Samu Castillejo,Valencia CF,1.133.275€,94,29,1367,4,0,5,25,0,22,11,74,258,0,15,0,0,0,7,0,0,0,0
Sergi Gómez,RCD Espanyol,1.093.187€,94,33,2341,0,0,0,1,113,0,3,143,167,0,46,2,0,0,1,0,0,0,0
Acuña,Sevilla FC,1.473.813€,94,30,1912,3,2,9,45,33,24,5,163,411,0,34,3,0,1,9,0,0,0,0
Cavani,Valencia CF,3.729.035€,93,26,1458,5,2,3,0,10,4,12,39,135,1,15,0,0,0,6,0,0,0,0
Nico,Valencia CF,1.186.326€,93,26,1410,1,1,1,0,14,26,4,113,134,0,21,0,0,1,1,0,0,0,1
De La Torre,RC Celta,1.089.260€,93,33,1488,0,2,2,4,5,12,3,108,162,0,17,0,0,0,6,0,0,0,0
Oyarzabal,Real Sociedad,31.424.086€,93,24,1217,4,1,4,9,4,8,11,60,169,1,12,0,0,0,1,0,1,0,0
San Emeterio,Cádiz CF,1.086.333€,92,33,1855,0,1,1,0,28,2,1,105,157,0,23,0,0,0,14,0,0,0,0
Portu,Getafe CF,1.068.588€,92,35,1757,0,3,1,23,13,10,6,110,301,0,24,0,0,0,5,1,0,0,0
Munir,Getafe CF,1.095.119€,92,33,1147,3,1,2,24,4,12,11,75,247,0,14,0,0,0,4,0,0,0,0
Fidel,Elche CF,1.117.615€,92,28,1728,3,2,6,14,7,30,4,106,366,0,29,0,0,0,6,0,0,0,0
Lucas Vázquez,Real Madrid,1.717.945€,92,32,1140,4,1,2,11,10,14,7,69,163,0,12,0,0,0,2,0,1,0,0
Larin,Real Valladolid,3.302.520€,92,19,1455,7,3,4,1,16,12,18,39,192,0,26,0,0,1,4,0,0,0,0
Ruibal,Real Betis,1.075.632€,91,36,1451,0,0,5,6,33,32,6,126,263,0,13,1,0,0,4,0,0,0,0
Saúl,Atlético de Madrid,2.440.304€,91,37,1087,3,1,1,1,25,11,10,65,143,0,14,0,0,1,8,0,0,0,0
Balliu,Rayo Vallecano,1.153.622€,90,37,3238,0,0,3,21,66,12,1,172,481,0,47,0,0,2,6,0,0,0,2
Rafa Mir,Sevilla FC,1.233.407€,90,38,1297,6,0,1,0,11,0,16,45,132,0,24,0,0,0,1,0,0,0,0
El Yamiq,Real Valladolid,1.090.794€,89,30,1608,1,0,0,0,92,8,4,161,195,0,33,1,0,1,2,0,0,0,0
Baba,RCD Mallorca,1.098.612€,89,35,1747,0,0,0,0,33,10,3,134,157,0,24,0,0,0,5,0,0,0,0
Dani García,Athletic Club,1.072.708€,89,31,1491,0,2,1,2,22,2,1,115,156,0,19,0,0,0,6,0,0,0,0
Brian Ocampo,Cádiz CF,1.124.496€,88,19,1128,1,1,3,15,2,15,2,95,172,0,17,0,0,0,2,0,0,0,0
Fali,Cádiz CF,1.139.209€,88,32,1720,0,0,1,0,70,2,2,108,149,0,25,0,0,0,6,0,0,0,0
Guardado,Real Betis,1.076.830€,88,35,1372,1,1,2,4,22,5,3,144,163,0,23,0,0,0,7,0,0,0,0
Melamed,RCD Espanyol,1.132.472€,87,38,1246,1,2,4,11,1,18,12,73,191,0,28,0,0,0,4,0,0,0,0
Toni Villa,Girona FC,1.070.476€,87,29,986,1,3,2,6,1,24,3,67,186,0,13,0,0,0,2,0,0,0,0
Illarramendi,Real Sociedad,1.502.847€,87,37,1075,1,0,0,1,15,7,3,84,117,0,5,0,0,0,5,0,0,0,0
Aritz,Real Sociedad,1.137.252€,86,29,1449,0,1,2,2,41,5,0,78,182,0,14,1,0,0,5,0,0,0,0
Cömert,Valencia CF,1.111.616€,86,35,1674,1,0,0,0,72,2,6,134,128,0,22,1,0,0,5,0,0,0,0
Escalante,Cádiz CF,1.570.621€,86,14,1081,4,1,2,2,23,6,8,98,127,0,13,0,0,1,4,0,0,0,0
Fernando,Sevilla FC,1.205.106€,85,24,1581,0,1,1,0,27,3,0,123,130,0,21,1,0,0,3,0,0,0,1
Luis Suárez,UD Almería,1.629.844€,85,19,1416,4,4,4,4,10,18,13,49,199,0,26,1,0,0,4,0,1,0,0
Iván Villar,RC Celta,1.257.030€,85,38,1710,0,0,0,0,15,0,0,140,185,0,24,0,38,0,0,0,0,0,0
Clerc,Elche CF,1.069.000€,85,37,2646,0,1,3,14,84,25,3,178,419,0,50,0,0,0,5,0,0,0,0
Juan Iglesias,Getafe CF,1.078.314€,85,35,2142,1,0,2,18,67,10,9,153,454,0,32,0,0,0,8,0,0,0,0
Lozano,Cádiz CF,1.070.079€,84,33,1439,1,1,0,2,17,17,9,52,218,0,19,0,0,0,6,0,1,0,0
Thierry Correia,Valencia CF,1.311.256€,84,27,2016,0,0,1,23,46,12,0,175,381,0,26,0,0,0,5,0,2,0,0
Pacheco,RCD Espanyol,1.206.673€,84,30,1530,0,0,0,0,19,0,0,150,169,0,35,0,59,0,0,0,0,1,0
Eric García,FC Barcelona,1.267.666€,83,38,1414,1,0,1,0,34,2,1,107,131,0,10,0,0,2,3,0,0,0,0
Josan,Elche CF,1.136.680€,82,36,1068,1,3,4,11,12,19,3,74,172,0,18,0,0,1,3,0,0,0,0
Kike García,C.A. Osasuna,1.075.092€,82,37,998,2,0,4,0,13,11,12,34,160,0,18,0,0,0,5,0,2,0,0
Óscar Gil,RCD Espanyol,1.085.304€,82,33,2566,0,1,3,8,44,20,2,163,328,0,48,0,0,1,14,0,0,0,0
Ezequiel Ponce,Elche CF,1.068.473€,81,36,1113,4,0,0,0,12,4,9,37,145,0,17,1,0,0,2,0,1,0,0
Navas,Sevilla FC,1.121.080€,81,36,1980,0,0,1,22,40,9,3,148,365,0,27,0,0,0,5,0,0,0,1
Aihen,Real Sociedad,1.354.231€,81,33,1756,0,1,3,14,30,18,3,112,313,0,21,0,0,0,2,0,0,0,0
Pathé Ciss,Rayo Vallecano,1.089.077€,81,38,1268,1,0,0,0,34,4,5,120,156,0,27,0,0,0,4,0,0,0,1
Iñigo Martínez,Athletic Club,9.978.140€,81,19,1339,1,0,0,0,54,0,3,109,152,0,16,0,0,0,1,0,0,0,0
Foulquier,Valencia CF,1.076.662€,80,38,1727,0,2,2,19,36,20,0,126,341,0,24,0,0,0,4,0,0,0,0
Kondogbia,Atlético de Madrid,1.199.353€,79,34,1001,0,2,2,0,11,4,0,130,85,0,10,0,0,0,5,0,0,0,0
De La Hoz,UD Almería,1.073.153€,79,33,1673,1,0,3,2,35,4,2,96,140,0,30,0,0,1,6,0,0,0,0
Akieme,UD Almería,1.097.741€,78,33,2298,1,0,3,20,35,25,7,141,315,0,45,0,0,0,5,0,0,0,0
Edu Expósito,RCD Espanyol,1.097.665€,78,37,1158,2,2,3,10,20,13,7,79,189,0,26,1,0,0,3,0,0,0,0
Diego Rico,Real Sociedad,1.147.476€,78,31,1647,0,0,2,13,38,11,3,115,284,0,14,0,0,0,3,0,0,0,0
Mandi,Villarreal CF,1.168.689€,77,38,1459,0,0,0,0,58,1,2,83,92,0,17,0,0,0,1,0,0,0,0
Antonio Sánchez,RCD Mallorca,1.068.505€,77,37,1065,0,0,4,7,7,10,6,118,190,0,19,0,0,1,5,0,1,0,0
Dmitrovic,Sevilla FC,1.306.780€,77,36,1268,0,0,0,0,12,0,0,133,240,0,13,0,44,0,2,0,0,0,0
Yan Couto,Girona FC,1.082.152€,77,29,1154,1,2,4,18,10,27,1,85,223,0,15,0,0,0,3,0,0,0,0
Marcos Alonso,FC Barcelona,1.444.520€,76,34,1161,1,0,0,6,31,1,2,94,116,0,11,0,0,1,3,0,0,0,0
Unai García,C.A. Osasuna,1.095.882€,76,36,1718,0,1,0,2,54,5,2,109,175,0,19,1,0,1,6,0,0,0,0
Cabrera,RCD Espanyol,1.106.386€,76,34,2671,0,1,2,7,106,6,7,181,401,0,54,1,0,1,8,1,0,0,1
Tapia,RC Celta,1.126.090€,76,33,1450,0,0,1,3,34,11,4,101,153,0,28,0,0,1,6,1,0,0,0
Álex Telles,Sevilla FC,1.130.536€,76,30,1426,0,2,2,23,34,12,1,100,212,0,24,0,0,0,6,0,1,0,0
Escudero,Real Valladolid,1.083.968€,75,33,1439,1,0,3,17,37,7,10,116,249,0,21,0,0,0,3,0,0,0,0
Lázaro,UD Almería,1.280.071€,75,35,711,6,0,1,2,1,15,13,35,93,0,13,0,0,0,1,0,0,0,0
Amath,RCD Mallorca,1.068.433€,75,31,1219,2,0,2,4,4,14,9,66,168,0,14,1,0,0,2,0,1,0,0
Carvajal,Real Madrid,2.990.450€,74,32,1788,0,2,1,9,41,9,0,126,234,0,22,0,0,1,6,1,0,0,0
Montiel,Sevilla FC,1.163.743€,74,34,1521,0,3,3,9,33,10,1,120,241,0,28,1,0,0,8,0,0,0,0
Pape Gueye,Sevilla FC,3.373.128€,74,15,1094,1,3,3,1,10,13,5,102,138,0,18,1,0,0,2,2,2,0,0
Sergio Herrera,C.A. Osasuna,1.301.455€,74,36,1530,0,0,0,0,7,1,0,151,225,0,23,0,49,1,3,0,0,1,1
Cenk,Valencia CF,1.073.475€,73,35,1363,0,0,0,2,49,9,2,118,137,0,18,0,0,0,1,0,0,0,0
Gabriel Paulista,Valencia CF,1.229.646€,73,29,1504,1,0,0,0,77,0,2,114,131,0,24,1,0,1,2,1,0,0,0
Kessié,FC Barcelona,1.552.727€,73,34,959,1,1,1,1,10,8,3,71,102,0,7,0,0,0,4,0,0,0,0
Juanmi,Real Betis,1.628.752€,73,25,920,4,0,2,0,3,12,8,50,93,0,18,0,0,0,3,0,0,0,0
Javi Hernández,Girona FC,1.070.826€,73,32,1087,1,2,2,5,36,11,6,75,147,0,18,0,0,1,3,0,0,0,0
Juan Cruz,C.A. Osasuna,1.081.115€,72,36,2058,0,0,1,12,50,6,0,108,267,0,27,0,0,0,7,0,0,0,0
Hugo Mallo,RC Celta,1.137.158€,72,33,2170,0,1,3,11,64,7,7,147,363,0,34,0,0,1,5,1,0,0,0
Hugo Duro,Valencia CF,1.074.142€,72,35,1376,1,1,3,1,7,2,10,38,130,1,20,0,0,0,5,0,0,0,0
Valery,Girona FC,1.077.210€,71,34,957,0,2,2,5,6,12,0,58,102,0,14,0,0,1,1,0,1,0,0
Portillo,UD Almería,1.068.452€,71,38,703,2,1,1,6,7,8,2,61,119,0,16,0,0,0,1,0,0,0,0
Calero,RCD Espanyol,1.081.237€,71,36,1617,0,1,1,0,50,0,3,101,169,0,29,0,0,0,6,0,0,0,0
Momo Cho,Real Sociedad,1.104.061€,70,24,577,1,2,5,9,2,15,12,35,114,0,9,0,0,0,1,0,1,0,0
Claudio Bravo,Real Betis,1.297.780€,70,33,1080,0,0,0,0,8,0,0,93,159,0,9,0,35,0,2,0,0,0,0
Fresneda,Real Valladolid,1.136.582€,69,34,1775,0,0,3,12,42,15,1,116,272,0,34,0,0,0,3,0,0,0,0
Lato,Valencia CF,1.068.633€,69,33,909,1,0,0,10,12,7,1,56,112,0,11,0,0,0,1,0,0,0,0
Bigas,Elche CF,1.081.715€,69,32,2024,0,0,0,1,93,5,8,158,228,0,41,2,0,1,3,0,1,0,0
Jordán,Sevilla FC,1.078.039€,68,27,1596,0,1,0,2,13,5,3,129,163,0,28,0,0,0,8,0,0,0,0
Roger,Cádiz CF,1.075.864€,68,33,1299,1,1,1,3,15,7,7,53,155,0,21,0,0,0,3,0,0,0,0
Brasanac,C.A. Osasuna,1.068.738€,68,27,1034,1,1,1,1,9,4,5,62,106,0,14,0,0,1,5,0,0,0,0
Yangel Herrera,Girona FC,1.097.210€,68,21,965,2,2,3,4,12,11,9,49,144,0,19,0,0,0,4,0,0,0,0
Jon Pacheco,Real Sociedad,1.107.648€,67,33,1189,0,1,0,0,38,2,0,68,104,0,13,0,0,1,2,0,0,0,0
Ocampos,Sevilla FC,4.040.322€,67,22,1162,4,0,1,8,5,23,10,80,212,0,20,0,0,0,7,0,1,0,0
Alberto Moreno,Villarreal CF,1.099.401€,67,30,1294,0,1,2,10,23,6,3,84,161,0,15,0,0,0,7,0,0,0,0
Simeone,Atlético de Madrid,1.078.440€,67,17,0,0,0,0,0,0,0,0,0,0,0,0,0,0,0,0,0,0,0,0
R.D.T.,Rayo Vallecano,3.229.766€,67,21,804,4,0,1,2,6,18,17,21,97,1,13,0,0,0,2,0,0,0,0
Lekue,Athletic Club,1.074.167€,67,31,1321,0,1,0,9,24,11,1,131,212,0,15,0,0,0,1,0,0,0,0
César Montes,RCD Espanyol,1.148.683€,66,18,1493,3,0,0,1,83,2,6,99,180,0,38,0,0,1,5,0,0,0,0
Mendy,Real Madrid,2.205.736€,66,23,1360,0,1,0,1,12,17,0,90,111,0,17,0,0,0,2,0,0,0,0
Zarraga,Athletic Club,1.072.197€,66,37,840,0,0,1,12,5,5,5,65,103,0,13,0,0,0,5,0,0,0,0
Eguaras,UD Almería,1.075.165€,66,36,957,1,1,1,2,15,4,3,74,95,0,19,0,0,0,6,0,0,0,0
Rekik,Sevilla FC,1.102.972€,65,23,1184,1,1,0,1,23,3,1,83,76,0,16,0,0,0,2,0,0,0,1
Papu,Sevilla FC,1.200.744€,64,23,1064,1,1,4,12,4,15,7,49,136,0,15,0,0,1,4,0,0,0,0
Alejo,Cádiz CF,1.074.722€,64,33,1304,0,1,2,29,9,10,6,80,262,0,26,0,0,1,11,1,0,0,0
Bryan Gil,Sevilla FC,3.764.909€,64,19,921,2,2,1,3,8,17,4,71,158,0,13,0,0,0,4,0,0,0,0
Fekir,Real Betis,3.560.160€,63,15,964,2,2,3,10,0,14,8,30,183,0,10,1,0,0,5,0,1,0,0
Willian José,Real Betis,1.093.256€,63,35,717,2,1,2,0,15,2,7,32,91,0,11,0,0,0,1,0,0,0,0
Aleix Vidal,RCD Espanyol,1.070.032€,63,31,1019,0,3,5,8,13,5,2,76,135,0,19,0,0,0,8,1,0,0,0
Rubén Peña,C.A. Osasuna,1.132.632€,62,22,1281,0,1,2,8,23,17,2,112,249,0,17,1,0,0,2,0,0,0,0
Algobia,Getafe CF,1.074.898€,62,35,1130,0,0,1,6,9,3,1,74,120,0,15,0,0,0,3,0,0,0,0
Joaquín,Real Betis,2.135.281€,62,33,471,0,2,2,11,4,10,3,27,92,0,3,0,0,0,2,0,0,0,0
Olaza,Real Valladolid,1.115.984€,61,33,1496,0,1,1,14,29,4,2,87,221,0,27,0,0,0,3,0,0,0,0
Gastón,Getafe CF,1.097.560€,61,36,1502,2,0,1,4,33,6,2,67,256,0,15,1,0,1,8,0,0,0,0
Nteka,Elche CF,1.076.523€,60,29,838,0,0,1,0,11,13,4,56,132,0,11,1,0,0,1,0,0,0,0
Carmona,Elche CF,1.074.943€,59,24,1120,3,1,1,3,23,10,5,91,160,0,21,0,0,0,7,2,0,0,0
Carlos Fernández,Real Sociedad,1.068.615€,59,28,622,1,0,0,0,4,11,7,36,89,0,8,0,0,0,6,0,0,0,0
Gio González,RCD Mallorca,1.068.473€,59,31,921,0,2,1,5,21,8,0,56,108,0,7,0,0,0,5,0,0,0,0
Ilaix,Valencia CF,1.101.667€,58,29,1004,0,2,3,2,12,11,5,78,146,0,16,1,0,0,4,1,0,0,0
Juanpe,Girona FC,1.086.806€,58,30,1427,1,0,1,0,59,1,1,65,125,0,25,0,0,1,3,0,0,0,0
Arambarri,Getafe CF,1.080.569€,58,13,998,0,1,2,18,19,3,0,79,111,0,18,0,0,0,3,1,0,0,1
Nacho Vidal,C.A. Osasuna,1.079.998€,58,24,1246,0,0,1,3,27,10,2,80,189,0,15,0,0,0,4,0,0,0,0
Grbic,Atlético de Madrid,1.726.104€,57,38,921,0,0,0,0,18,0,0,92,111,0,12,0,36,1,3,0,0,0,0
Negredo,Cádiz CF,1.068.500€,57,34,755,1,2,5,1,8,3,7,9,97,0,17,0,0,0,0,0,0,0,0
Bernardo,Girona FC,1.129.790€,57,36,1226,1,1,0,0,69,3,5,79,111,0,26,0,0,1,5,0,0,0,0
Falcao,Rayo Vallecano,1.068.691€,55,32,596,2,0,0,0,9,2,5,20,92,0,9,0,0,0,4,0,0,0,0
Seferovic,RC Celta,1.310.631€,54,18,865,3,1,0,1,6,5,7,24,104,0,10,0,0,0,3,0,0,0,0
Kiko Femenía,Villarreal CF,1.102.764€,54,29,1135,0,0,1,4,21,6,0,83,133,0,14,0,0,0,0,0,0,0,0
Hongla,Real Valladolid,1.101.489€,54,15,1227,0,0,0,1,46,8,0,108,116,0,25,1,0,1,4,1,0,0,0
Palacios,Elche CF,1.069.966€,54,26,1919,0,0,2,5,50,13,3,139,242,0,41,0,0,0,6,0,0,0,0
Trigueros,Villarreal CF,1.073.038€,54,30,818,0,1,1,1,4,2,2,38,78,0,8,1,0,0,2,0,0,0,0
Coquelin,Villarreal CF,1.071.589€,54,17,749,1,0,2,1,6,2,2,45,81,0,6,0,0,0,2,0,0,0,0
Raúl Guti,Elche CF,1.068.442€,53,37,1081,0,0,0,1,5,5,8,72,124,0,25,0,0,0,1,0,0,0,0
Quique Setién,Villarreal CF,1.078.434€,52,17,0,0,0,0,0,0,0,0,0,0,0,0,0,0,0,0,0,0,0,0
Morlanes,RCD Mallorca,1.083.434€,52,34,871,1,0,1,0,11,9,2,51,59,0,13,1,0,0,3,0,0,0,0
Denis Suárez,RCD Espanyol,1.098.336€,52,19,947,0,0,2,16,3,16,3,55,154,0,23,0,0,0,2,0,0,0,0
Mingueza,RC Celta,1.116.720€,52,27,1284,0,0,3,6,21,11,0,102,224,0,20,0,0,2,2,0,0,0,0
Terrats,Villarreal CF,1.187.606€,51,13,674,1,1,1,3,6,14,5,42,93,0,8,0,0,0,1,0,0,0,0
Memphis,Atlético de Madrid,2.997.287€,51,18,384,5,0,1,2,0,6,8,10,80,0,1,0,0,0,1,0,0,0,0
Nastasic,RCD Mallorca,1.068.432€,51,24,903,1,0,0,0,41,0,2,48,62,0,13,0,0,0,3,0,0,0,0
Ander Herrera,Athletic Club,1.072.640€,51,22,698,0,1,2,0,9,5,1,63,99,0,10,1,0,0,4,0,0,0,0
Centelles,UD Almería,1.079.398€,50,28,1122,1,2,1,12,33,6,3,75,187,0,20,1,0,0,0,0,0,0,0
Abdón,RCD Mallorca,1.068.434€,50,38,397,1,1,3,0,2,1,4,12,60,0,7,0,0,0,1,0,0,0,0
Nianzou,Sevilla FC,1.076.935€,50,27,1370,1,0,0,0,41,10,1,88,106,0,27,1,0,0,1,0,0,0,0
Chust,Cádiz CF,1.068.809€,49,18,964,1,0,0,0,53,1,2,57,80,0,20,0,0,1,3,0,0,0,0
Paciencia,RC Celta,1.068.546€,49,33,579,1,0,1,2,2,5,10,19,126,0,7,1,0,0,2,0,0,0,0
Diego López,Valencia CF,1.287.595€,49,10,448,3,1,3,5,2,9,8,34,76,0,6,0,0,0,0,0,0,0,0
Reinier,Girona FC,1.079.988€,49,20,586,2,1,2,0,2,8,5,32,89,0,8,1,0,0,1,0,0,0,0
Xavi,FC Barcelona,1.078.446€,48,16,0,0,0,0,0,0,0,0,0,0,0,0,0,0,0,0,0,0,0,0
Chumi,UD Almería,1.069.006€,47,30,1486,1,0,0,2,45,8,1,100,170,0,30,0,0,0,5,0,0,0,0
Chris Ramos,Cádiz CF,1.117.087€,47,16,685,1,0,0,2,19,8,6,24,105,0,9,0,0,0,2,0,1,0,0
Ancelotti,Real Madrid,1.078.453€,46,18,0,0,0,0,0,0,0,0,0,0,0,0,0,0,0,0,0,0,0,0
Manuel Pellegrini,Real Betis,1.078.429€,45,17,0,0,0,0,0,0,0,0,0,0,0,0,0,0,0,0,0,0,0,0
Luis Pérez,Real Valladolid,1.068.442€,45,24,1215,0,1,1,17,26,7,0,71,170,0,29,0,0,0,2,0,0,0,0
Barrios,Atlético de Madrid,1.126.709€,45,23,616,0,1,1,1,5,12,2,52,106,0,7,0,0,0,3,0,0,0,0
Grenier,RCD Mallorca,1.069.052€,44,35,713,0,0,2,10,5,3,2,51,126,0,11,0,0,0,7,0,0,0,0
Álex Collado,Elche CF,1.074.840€,44,26,720,1,1,2,9,4,15,7,34,102,0,17,0,0,0,1,0,0,0,0
Imanol Alguacil,Real Sociedad,1.078.429€,42,17,0,0,0,0,0,0,0,0,0,0,0,0,0,0,0,0,0,0,0,0
Lunin,Real Madrid,1.205.568€,42,37,630,0,0,0,0,2,0,0,52,22,0,7,0,12,0,0,0,0,0,0
Mata,Getafe CF,1.118.406€,42,34,434,1,1,2,3,4,2,5,28,81,0,3,0,0,0,5,0,0,0,0
Juan Carlos,Girona FC,1.273.992€,42,38,900,0,0,0,0,11,0,0,82,54,0,18,0,26,0,0,0,0,0,0
Dyego Sousa,UD Almería,1.068.424€,42,34,515,0,1,1,0,14,5,5,17,98,0,6,0,0,0,1,0,0,0,0
Agirrezabala,Athletic Club,1.182.181€,41,34,675,0,0,0,0,3,0,0,58,68,0,6,0,13,0,0,0,0,0,0
John Chetauya,Elche CF,1.091.957€,41,24,1094,0,0,0,0,22,4,0,65,88,0,14,1,0,0,3,0,0,0,0
Arnau Puigmal,UD Almería,1.068.424€,41,38,758,1,0,0,3,5,10,6,47,136,0,18,0,0,1,4,0,0,0,0
Michel,Girona FC,1.068.424€,41,17,0,0,0,0,0,0,0,0,0,0,0,0,0,0,0,0,0,0,0,0
Magallán,Elche CF,1.074.618€,41,19,896,0,0,0,1,29,1,2,65,68,0,11,1,0,0,0,0,0,0,0
Mojica,Villarreal CF,1.073.725€,41,38,904,0,0,1,8,16,9,1,89,164,0,17,0,0,1,2,0,0,0,0
Álvaro Fernández,RCD Espanyol,1.176.725€,40,34,900,0,0,1,0,7,0,0,77,113,0,18,0,31,0,1,0,0,0,0
Roco,Elche CF,1.122.122€,39,34,1655,0,0,0,0,61,3,3,98,141,0,36,0,0,4,4,1,0,0,0
Marcos André,Valencia CF,1.068.528€,39,22,437,1,0,1,0,0,9,4,9,50,0,7,1,0,0,2,0,0,0,0
Borja García,Girona FC,1.068.436€,39,17,684,1,0,1,1,5,6,3,37,82,0,12,0,0,0,1,0,0,0,0
Lautaro Blanco,Elche CF,1.089.225€,39,22,865,0,2,3,14,8,9,1,51,213,0,16,0,0,0,2,0,0,0,0
Keidi Bare,RCD Espanyol,1.068.430€,39,25,495,0,1,0,1,7,2,3,36,59,0,12,0,0,0,0,0,0,0,0
Latasa,Getafe CF,1.107.503€,39,34,434,1,0,1,0,8,1,4,19,119,0,1,0,0,0,2,0,0,0,0
Rubén Sánchez,RCD Espanyol,1.068.457€,38,20,657,0,2,4,6,10,6,0,59,113,0,18,0,0,0,1,0,0,0,0
Verdú,Elche CF,1.072.650€,38,31,702,1,0,0,0,32,0,3,43,72,0,12,2,0,0,1,0,0,0,1
Ángel,RCD Mallorca,1.073.081€,38,35,381,1,0,0,0,1,2,8,13,45,0,5,0,0,0,1,0,0,0,0
Kadewere,RCD Mallorca,1.068.505€,37,26,538,1,0,1,0,0,9,6,19,89,0,7,0,0,0,1,0,0,0,0
Mumin,Rayo Vallecano,1.088.401€,37,34,917,0,0,0,1,35,4,1,64,105,0,17,0,0,0,2,0,0,0,0
Chavarría,Rayo Vallecano,1.114.312€,37,34,357,0,2,1,3,6,6,0,29,71,0,7,0,0,0,1,0,0,0,0
Jagoba Arrasate,C.A. Osasuna,1.078.417€,37,17,0,0,0,0,0,0,0,0,0,0,0,0,0,0,0,0,0,0,0,0
Víctor Ruiz,Real Betis,1.068.445€,36,24,556,0,0,1,0,32,0,0,35,38,0,8,0,0,0,0,0,0,0,0
Cuenca,Villarreal CF,1.082.596€,36,38,503,0,0,0,0,42,0,0,35,53,0,7,0,0,1,1,0,0,0,0
Meré,Cádiz CF,1.234.047€,36,16,599,0,0,0,0,33,0,1,31,40,0,10,0,0,0,0,0,0,0,0
Robert Navarro,Real Sociedad,1.068.425€,36,38,337,0,0,2,5,1,7,5,23,86,0,6,0,0,0,2,0,0,0,0
Javier Aguirre,RCD Mallorca,1.068.425€,35,17,0,0,0,0,0,0,0,0,0,0,0,0,0,0,0,0,0,0,0,0
Mendilibar,Sevilla FC,1.065.092€,35,12,0,0,0,0,0,0,0,0,0,0,0,0,0,0,0,0,0,0,0,0
Sergio González,Cádiz CF,1.078.419€,34,17,0,0,0,0,0,0,0,0,0,0,0,0,0,0,0,0,0,0,0,0
Momo Mbaye,Cádiz CF,1.075.649€,34,28,754,0,0,1,0,46,5,0,41,79,0,17,0,0,1,2,0,0,0,0
Paul Akouokou,Real Betis,1.068.424€,34,31,441,0,0,0,0,16,3,2,38,23,0,6,0,0,0,3,0,0,0,0
Salvi Sánchez,Rayo Vallecano,1.068.439€,34,34,472,0,0,1,7,1,2,3,32,112,0,15,0,0,0,2,0,0,0,0
Asenjo,Real Valladolid,1.204.417€,34,30,900,0,0,0,0,11,0,0,87,122,0,21,0,31,0,0,0,0,0,0
Nico Fernández,Elche CF,1.073.593€,33,30,502,0,1,1,13,1,3,2,43,90,0,10,0,0,0,2,0,0,0,1
Lazo,RCD Espanyol,1.068.430€,33,35,168,1,1,2,1,5,1,2,12,25,0,3,0,0,0,0,0,0,0,0
Ernesto Valverde,Athletic Club,1.078.429€,32,17,0,0,0,0,0,0,0,0,0,0,0,0,0,0,0,0,0,0,0,0
Rubén Baraja,Valencia CF,1.077.456€,32,17,0,0,0,0,0,0,0,0,0,0,0,0,0,0,0,0,0,0,0,0
Jose Mari,Cádiz CF,1.068.432€,32,30,383,0,0,1,0,8,2,2,43,49,0,8,0,0,0,4,0,0,0,0
Carlos Carvalhal,RC Celta,1.068.424€,32,17,0,0,0,0,0,0,0,0,0,0,0,0,0,0,0,0,0,0,0,0
Gragera,RCD Espanyol,1.113.099€,31,11,431,1,0,0,0,14,0,1,23,29,0,6,0,0,0,2,0,0,0,0
Machís,Real Valladolid,1.357.438€,31,12,507,0,0,1,9,4,6,6,25,100,0,3,0,0,0,1,0,0,0,0
Sadiq,Real Sociedad,1.070.350€,31,5,325,3,0,1,0,3,6,4,9,45,0,3,0,0,0,1,0,0,0,0
Rubi,UD Almería,1.078.413€,31,17,0,0,0,0,0,0,0,0,0,0,0,0,0,0,0,0,0,0,0,0
Hadzikadunic,RCD Mallorca,1.070.483€,30,12,615,0,0,0,0,27,0,1,30,48,0,12,0,0,0,1,0,0,0,0
Amallah,Real Valladolid,1.140.201€,28,9,268,2,1,1,0,1,11,2,15,48,0,4,1,0,0,2,0,0,0,0
Gonzalo Villar,Getafe CF,1.088.234€,28,20,418,0,0,1,3,4,13,1,51,69,0,5,0,0,0,5,0,0,0,0
Diego Glez.,Elche CF,1.068.425€,27,32,956,0,0,0,0,49,1,0,53,90,0,23,0,0,1,5,0,0,0,0
Iraola,Rayo Vallecano,1.078.417€,27,17,0,0,0,0,0,0,0,0,0,0,0,0,0,0,0,0,0,0,0,0
Jesús Vázquez,Valencia CF,1.081.333€,27,37,305,0,0,0,3,8,5,1,23,52,0,5,0,0,0,1,0,0,0,0
Pol Lirola,Elche CF,1.081.177€,25,30,627,1,0,2,5,13,7,1,51,111,0,17,0,0,0,1,0,0,0,0
Pedrosa,RCD Espanyol,1.068.448€,24,9,226,0,0,2,4,2,1,0,23,31,0,3,0,0,0,0,0,0,0,0
David Gil,Cádiz CF,1.233.048€,24,27,360,0,0,0,0,5,0,0,39,64,0,5,0,18,0,0,0,0,0,0
Álex Sola,Real Sociedad,1.068.424€,23,26,345,0,0,0,2,11,6,1,23,54,0,5,0,0,0,1,0,0,0,0
Seoane,Getafe CF,1.075.153€,23,38,318,0,0,1,0,1,2,0,18,40,0,8,0,0,0,1,0,0,0,0
Miguel Rodríguez,RC Celta,1.074.981€,22,20,250,1,1,0,3,2,3,2,17,48,0,4,0,0,0,0,0,0,0,0
Kenedy,Real Valladolid,1.076.000€,22,17,268,0,1,1,2,0,4,3,15,61,0,9,0,0,0,3,0,0,0,0
Andrés,Rayo Vallecano,1.078.821€,21,24,202,0,0,1,2,2,2,3,17,50,0,1,0,0,0,1,0,0,0,0
Solari,RC Celta,1.070.046€,21,31,255,0,1,0,0,1,1,0,23,40,0,3,0,0,0,1,0,0,0,0
Kevin Vázquez,RC Celta,1.090.142€,21,38,440,0,0,0,3,7,2,0,29,66,0,8,0,0,0,2,0,0,0,0
Arzamendia,Cádiz CF,1.068.425€,20,38,479,0,0,0,2,14,3,2,48,93,0,15,0,0,0,0,0,0,0,0
Luis Garcia,RCD Espanyol,1.079.912€,18,10,0,0,0,0,0,0,0,0,0,0,0,0,0,0,0,0,0,0,0,0
Guevara,Real Sociedad,1.083.112€,18,31,217,0,0,1,0,3,3,1,20,21,0,1,0,0,0,2,0,0,0,0
Morcillo,Athletic Club,1.070.670€,18,19,59,0,1,0,2,0,3,0,8,14,0,1,0,0,0,0,0,0,0,0
Reguilón,Atlético de Madrid,1.196.327€,18,21,303,0,0,0,2,2,3,1,17,41,0,2,0,0,0,1,1,0,0,0
Beccacece,Elche CF,1.058.834€,18,12,0,0,0,0,0,0,0,0,0,0,0,0,0,0,0,0,0,0,0,0
Kaiky,UD Almería,1.068.491€,17,25,500,0,0,0,0,23,1,0,28,47,0,11,0,0,1,5,0,0,0,0
Pierre Gabriel,RCD Espanyol,1.083.048€,17,16,235,1,0,0,2,11,3,1,27,37,0,5,0,0,0,0,1,0,0,0
Tecatito Corona,Sevilla FC,1.069.270€,15,13,109,1,0,0,0,1,3,1,7,19,0,2,0,0,0,0,0,0,0,0
Vencedor,Athletic Club,1.068.456€,15,37,183,0,0,0,0,1,1,2,20,26,0,7,0,0,0,2,0,0,0,0
Marcao,Sevilla FC,1.080.622€,15,8,374,0,0,0,0,12,1,0,21,38,0,5,0,0,0,2,0,0,0,0
Pezzolano,Real Valladolid,1.059.210€,15,8,0,0,0,0,0,0,0,0,0,0,0,0,0,0,0,0,0,0,0,0
Mendes,UD Almería,1.068.436€,14,34,888,0,1,1,6,17,8,0,44,134,0,28,0,0,1,2,0,0,0,0
Capa,Athletic Club,1.069.229€,14,34,105,0,0,0,1,1,2,0,10,23,0,0,0,0,0,1,0,0,0,0
Álvaro,Real Madrid,1.225.439€,13,7,72,1,0,0,0,1,0,1,2,9,0,2,0,0,0,0,0,0,0,0
Artero,Girona FC,1.068.425€,13,26,128,0,0,0,0,3,2,2,9,15,0,2,0,0,0,0,0,0,0,0
Anuar,Real Valladolid,1.068.456€,13,6,211,1,0,1,0,2,2,1,13,21,0,5,0,0,0,1,0,0,0,0
Hazard,Real Madrid,1.530.212€,12,33,194,0,1,0,0,0,2,1,6,26,1,1,0,0,0,0,0,0,0,0
José Pozo,Rayo Vallecano,1.068.424€,12,31,81,0,0,0,0,1,2,0,6,23,0,3,0,0,0,0,0,0,0,0
Dani Gómez,RCD Espanyol,1.069.616€,12,26,81,0,0,0,0,0,0,0,6,11,0,1,0,0,0,1,0,0,0,0
Mariano,Real Madrid,1.206.632€,12,29,150,0,0,1,0,0,0,0,5,14,0,1,0,0,0,2,0,0,0,0
Raúl Parra,Cádiz CF,1.069.030€,11,22,288,0,0,0,2,7,0,0,17,42,0,3,0,0,0,1,0,0,0,0
Zaldua,Cádiz CF,1.068.454€,11,10,639,0,1,1,3,22,2,0,34,100,0,17,0,0,0,4,0,0,0,0
Jose Bordalas,Getafe CF,946.936€,11,3,0,0,0,0,0,0,0,0,0,0,0,0,0,0,0,0,0,0,0,0
Carlos Domínguez,RC Celta,1.074.635€,10,38,107,0,0,0,0,7,1,1,9,7,0,1,0,0,0,0,0,0,0,0
Callens,Girona FC,1.086.448€,9,12,117,0,0,0,0,6,0,0,10,17,0,0,0,0,0,1,0,0,0,0
Lucas Rosa,Real Valladolid,1.079.582€,9,20,405,0,1,0,6,3,3,1,23,79,0,11,0,0,0,2,0,0,0,0
Cala,Cádiz CF,1.068.432€,8,12,137,0,0,0,0,13,0,0,4,8,0,3,0,0,0,0,0,0,0,0
Turrientes,Real Sociedad,1.068.424€,8,32,101,0,0,0,1,2,2,0,8,14,0,2,0,0,0,0,0,0,0,0
Montoya,Real Betis,1.072.527€,8,34,456,0,0,0,2,13,1,0,32,67,0,10,0,0,0,1,0,0,0,0
Jordan Amavi,Getafe CF,1.068.456€,7,27,198,0,0,0,1,4,0,0,18,49,0,2,0,0,0,0,1,0,0,0
Abner,Real Betis,1.102.495€,7,20,522,0,0,0,1,13,3,2,45,108,0,9,0,0,1,2,0,0,0,0
Angileri,Getafe CF,1.068.438€,7,30,583,0,0,0,1,9,4,0,26,120,0,15,1,0,1,2,0,0,0,0
Greif,RCD Mallorca,1.157.474€,6,25,90,0,0,0,0,0,0,0,10,15,0,3,0,5,0,0,0,0,0,0
Jörgensen,Villarreal CF,1.154.795€,6,16,180,0,0,0,0,2,0,0,11,6,0,3,0,3,0,0,0,0,0,0
Pablo Marín,Real Sociedad,1.070.231€,5,5,33,0,0,0,0,0,0,0,3,9,0,3,0,0,0,0,0,0,0,0
Swedberg,RC Celta,1.071.056€,5,38,52,0,0,0,0,1,1,0,2,5,0,0,0,0,0,1,0,0,0,0
Odriozola,Real Madrid,1.091.002€,5,32,36,0,0,1,2,0,0,0,1,1,0,0,0,0,0,0,0,0,0,0
Augustinsson,RCD Mallorca,1.111.069€,5,10,130,0,0,0,2,2,0,0,14,22,0,4,0,0,0,0,0,0,0,0
Youba Diarra,Cádiz CF,1.076.527€,5,19,88,0,0,1,0,2,0,0,11,15,0,5,0,0,0,2,0,0,0,0
Werner,Elche CF,1.210.776€,4,32,180,0,0,0,0,0,1,0,12,18,0,4,0,5,0,0,0,0,0,0
Iñaki Peña,FC Barcelona,1.210.825€,4,22,72,0,0,0,0,0,0,0,8,2,0,2,0,2,0,0,0,0,0,0
Diego López,Rayo Vallecano,1.203.241€,3,32,95,0,0,0,0,1,0,0,9,7,0,4,0,1,0,0,0,0,0,0
Doherty,Atlético de Madrid,1.180.824€,3,18,16,0,0,0,0,0,0,0,0,3,0,0,0,0,0,0,0,0,0,0
Mario H.,Rayo Vallecano,1.068.424€,3,37,103,0,0,0,0,0,0,0,5,11,0,3,0,0,0,1,0,0,0,0
Vallejo,Real Madrid,1.329.803€,2,36,21,0,0,0,0,0,0,1,1,0,0,0,0,0,0,0,0,0,0,0
Fran Delgado,Real Betis,1.068.750€,2,4,11,0,0,0,0,0,0,0,0,1,0,0,0,0,0,0,0,0,0,0
Mariño,UD Almería,1.183.342€,2,18,45,0,0,0,0,1,0,0,2,1,0,2,0,3,0,0,0,0,0,0
Joan García,RCD Espanyol,1.223.878€,2,36,90,0,0,0,0,0,0,0,9,4,0,3,0,1,0,0,0,0,0,0
Carlos Álvarez,Sevilla FC,1.073.014€,1,8,9,0,0,0,0,0,0,0,0,1,0,1,0,0,0,1,0,0,0,0
Milovanovic,UD Almería,1.074.331€,1,4,14,0,0,0,0,0,0,0,0,8,0,1,0,0,0,1,0,0,0,0
Balenziaga,Athletic Club,1.083.400€,1,30,116,0,0,0,1,2,0,0,7,21,0,3,0,0,0,0,0,0,0,0
Álvaro Giménez,Cádiz CF,1.068.427€,1,12,12,0,0,0,0,0,0,0,0,0,0,0,0,0,0,0,0,0,0,0
Juan Cruz,Real Betis,1.073.169€,1,10,3,0,0,0,0,0,0,0,0,2,0,0,0,0,0,1,0,0,0,0
Iago Herrerin,Valencia CF,1.152.174€,0,18,0,0,0,0,0,0,0,0,0,0,0,0,0,0,0,0,0,0,0,0
Biel Farrés,Girona FC,1.093.401€,0,5,0,0,0,0,0,0,0,0,0,0,0,0,0,0,0,0,0,0,0,0
Mario Suárez,Rayo Vallecano,1.068.425€,0,34,10,0,0,0,0,0,0,0,0,1,0,1,1,0,0,0,0,0,0,0
Álex Sala,Girona FC,1.097.091€,0,1,0,0,0,0,0,0,0,0,0,0,0,0,0,0,0,0,0,0,0,0
Kiko Casilla,Getafe CF,1.135.092€,0,37,0,0,0,0,0,0,0,0,0,0,0,0,0,0,0,0,0,0,0,0
Fuoli,UD Almería,1.150.998€,0,15,0,0,0,0,0,0,0,0,0,0,0,0,0,0,0,0,0,0,0,0
Saveljich,Rayo Vallecano,1.068.432€,0,30,1,0,0,0,0,0,0,0,0,0,0,0,0,0,0,1,0,0,0,0
Cristian Rivero,Valencia CF,1.180.743€,0,26,0,0,0,0,0,0,0,0,0,0,0,0,0,0,0,0,0,0,0,0
Jaume Domenech,Valencia CF,1.163.509€,0,12,0,0,0,0,0,0,0,0,0,0,0,0,0,0,0,0,0,0,0,0
Rojas,UD Almería,1.116.934€,0,5,0,0,0,0,0,0,0,0,0,0,0,0,0,0,0,0,0,0,0,0
Diego Alves,RC Celta,1.233.288€,0,5,0,0,0,0,0,0,0,0,0,0,0,0,0,0,0,0,0,0,0,0
Diego Conde,Getafe CF,1.175.500€,0,36,0,0,0,0,0,0,0,0,0,0,0,0,0,0,0,0,0,0,0,0
Fuidias,Girona FC,1.178.844€,0,35,0,0,0,0,0,0,0,0,0,0,0,0,0,0,0,0,0,0,0,0
Zubiaurre,Real Sociedad,1.195.128€,0,36,0,0,0,0,0,0,0,0,0,0,0,0,0,0,0,0,0,0,0,0
Dani Martín,Real Betis,1.133.877€,0,29,0,0,0,0,0,0,0,0,0,0,0,0,0,0,0,0,0,0,0,0
M. Morro,Rayo Vallecano,1.130.753€,0,10,0,0,0,0,0,0,0,0,0,0,0,0,0,0,0,0,0,0,0,0
Arnau Tenas,FC Barcelona,1.197.292€,-1,36,0,0,0,0,0,0,0,0,0,0,0,0,0,0,0,1,0,0,0,0
Pape Cheikh,Elche CF,1.188.331€,-3,11,3,0,0,0,0,0,0,0,1,0,0,0,1,0,0,1,0,0,0,0